{
  "products": [
    {
      "title": "Google Pixel Slate 12.3-Inch 2 in 1 Laptop Intel Core m3, 8GB RAM, 64GB, Aspect Ratio 3:2",
      "image": "https://images-na.ssl-images-amazon.com/images/I/71k%2BKbTBn5L._SL1500_.jpg",
      "price": "20000",
      "id": 1
    },
    {
      "title": "Apple i10",
      "image": "https://m.media-amazon.com/images/I/71h6PpGaz9L._AC_SL1500_.jpg",
      "price": "25000",
      "id": 7
    },
    {
      "title": "Apple",
      "image": "https://techcrunch.com/wp-content/uploads/2020/12/nokia-laptop.jpg",
      "price": "1000",
      "id": 8
    }
  ]
}